deployment_id,customer_id,status,vm_provider,provider_vm_id,hostname,flapjack_url,created_at,tenant_id,tenant_vm_id,inventory_vm_id,inventory_status,inventory_updated_at
89bfe869-76ae-43e4-a819-a0134eba6565,bf6eeca4-0a32-4f9c-b127-2f8934bffb26,provisioning,aws,ab41e0e4-8463-48ea-9356-98d1b889994f,vm-shared-1cc4ec8f.flapjack.foo,http://vm-shared-1cc4ec8f.flapjack.foo:7700,2026-05-17 03:47:23.786181+00,,,ab41e0e4-8463-48ea-9356-98d1b889994f,active,2026-05-17 03:47:23.73248+00
4489cbe1-0ceb-4da1-b48b-e056117b6eb1,365c4597-8cae-4263-8352-d8d244c0dbe3,provisioning,aws,2799e7d4-c3f5-4ae1-b6cc-40306a5bbd7e,vm-shared-d9dc45a6.flapjack.foo,http://vm-shared-d9dc45a6.flapjack.foo:7700,2026-05-17 03:48:25.580188+00,,,2799e7d4-c3f5-4ae1-b6cc-40306a5bbd7e,active,2026-05-17 03:48:25.53229+00
cfabd942-ab6d-4208-9f19-2587ddff1747,175ebd1a-97e7-4c3e-bac2-1b251aa63f1d,provisioning,aws,2b533c1d-72c7-4c03-9af9-ba2369de075f,vm-shared-eb0b5c17.flapjack.foo,http://vm-shared-eb0b5c17.flapjack.foo:7700,2026-05-17 03:49:23.683595+00,,,2b533c1d-72c7-4c03-9af9-ba2369de075f,active,2026-05-17 03:49:23.629771+00
e8f096ce-e2f7-48eb-9e43-6559aefa2df1,2aea65f1-f9cd-44d3-96f9-e763703be782,provisioning,aws,59ccb6bf-3512-4c9b-be45-712020e8d2c6,vm-shared-4d2fd397.flapjack.foo,http://vm-shared-4d2fd397.flapjack.foo:7700,2026-05-17 03:50:25.333455+00,,,59ccb6bf-3512-4c9b-be45-712020e8d2c6,active,2026-05-17 03:50:25.287686+00
8f50f899-0689-4aab-ac63-b609824963f6,6fc7cf30-1699-481e-89e8-6cc7baf23e63,provisioning,aws,82f2b159-5137-40a8-be2d-31d5c2230742,vm-shared-26c8d813.flapjack.foo,http://vm-shared-26c8d813.flapjack.foo:7700,2026-05-17 04:22:20.122319+00,,,82f2b159-5137-40a8-be2d-31d5c2230742,active,2026-05-17 04:22:20.071633+00
b8910e6c-f479-4856-b126-882e297890c3,845bfa45-7310-445e-866f-fd83ba8d4455,provisioning,aws,d146d4fc-112a-495f-b7bd-3aa54222ca56,vm-shared-835d996d.flapjack.foo,http://vm-shared-835d996d.flapjack.foo:7700,2026-05-17 04:24:13.490566+00,,,d146d4fc-112a-495f-b7bd-3aa54222ca56,active,2026-05-17 04:24:13.448163+00
0b97fc5e-316f-4ce6-9c49-c9288ef96a22,62604705-cea2-44e3-9445-c128e9f0ecef,provisioning,aws,030d392a-029b-4f25-a513-e99d079a4c83,vm-shared-cbe1f8ee.flapjack.foo,http://vm-shared-cbe1f8ee.flapjack.foo:7700,2026-05-17 04:26:45.000179+00,,,030d392a-029b-4f25-a513-e99d079a4c83,active,2026-05-17 04:26:44.954785+00
6fed929b-7f5b-4f2a-94fd-efa41d1aec5c,b7af4055-3e15-4fd5-9a80-9b08f1f3c694,provisioning,aws,628c813c-354d-4699-ac5f-08cb250992ba,vm-shared-03ff3efa.flapjack.foo,http://vm-shared-03ff3efa.flapjack.foo:7700,2026-05-17 06:40:13.739149+00,,,628c813c-354d-4699-ac5f-08cb250992ba,active,2026-05-17 06:40:13.687678+00
6e8df7bc-6126-4ab9-bdbe-8238a0f47f1e,719a7ef8-4060-4d7e-845e-4274f77b1bf5,provisioning,aws,cd6e792c-1bcb-4b8e-9537-6c67af01263d,vm-shared-e1d3b51e.flapjack.foo,http://vm-shared-e1d3b51e.flapjack.foo:7700,2026-05-17 06:42:33.210161+00,,,cd6e792c-1bcb-4b8e-9537-6c67af01263d,active,2026-05-17 06:42:33.153548+00
f264de3b-fe16-4fff-b640-1de7537d4561,52b1188d-f48a-4236-a08f-29993265a1c4,provisioning,aws,77bc4418-fab4-4be2-a9af-2e68f8116108,vm-shared-2795f91e.flapjack.foo,http://vm-shared-2795f91e.flapjack.foo:7700,2026-05-17 06:44:49.620359+00,,,77bc4418-fab4-4be2-a9af-2e68f8116108,active,2026-05-17 06:44:49.577999+00
71ea76dc-aa96-4ff4-b699-f2a16bc0ecdf,345661ef-0f06-4326-9b4a-ba5dbbce5d8c,provisioning,aws,e2757459-c58f-4aae-8f4f-40a423532070,vm-shared-dfc3d6e4.flapjack.foo,http://vm-shared-dfc3d6e4.flapjack.foo:7700,2026-05-17 06:47:15.021538+00,,,e2757459-c58f-4aae-8f4f-40a423532070,active,2026-05-17 06:47:14.98002+00
852b0c40-e7e4-484d-bd96-54abc7dd3736,6948dc39-940f-442b-9f8d-67ecdfb09fb4,provisioning,aws,407f05bf-7664-4b43-867c-4cbbb8438c9e,vm-shared-76672b2a.flapjack.foo,http://vm-shared-76672b2a.flapjack.foo:7700,2026-05-17 06:52:59.656124+00,,,407f05bf-7664-4b43-867c-4cbbb8438c9e,active,2026-05-17 06:52:59.61156+00
69de04f8-8e63-469b-b18b-15b30698fc76,96beac86-5d50-4393-b7a3-ee69c342fa03,provisioning,aws,aad47a9c-3d67-4974-a10a-853aaa61b583,vm-shared-4b34a919.flapjack.foo,http://vm-shared-4b34a919.flapjack.foo:7700,2026-05-17 07:06:44.933248+00,,,aad47a9c-3d67-4974-a10a-853aaa61b583,active,2026-05-17 07:06:44.890314+00
c64bf822-73d4-4bc5-9c38-aa0bd9e5acf9,2ec57ae4-b803-4b15-870e-383c706f4917,provisioning,bare_metal,d08c72b1-9357-4312-917f-0d82aa2970cc,e2e-seed-a3418500,http://vm-shared-1cc4ec8f.flapjack.foo:7700,2026-05-17 07:10:51.220396+00,,,d08c72b1-9357-4312-917f-0d82aa2970cc,active,2026-05-17 07:10:17.579777+00
28cf420a-14d6-4db4-a404-f1b29b197894,bf0207d3-bc8d-446d-a76c-8dce79a7f17e,provisioning,bare_metal,d08c72b1-9357-4312-917f-0d82aa2970cc,e2e-seed-a3418500,http://vm-shared-1cc4ec8f.flapjack.foo:7700,2026-05-17 07:11:42.808283+00,,,d08c72b1-9357-4312-917f-0d82aa2970cc,active,2026-05-17 07:10:17.579777+00
6719d082-786b-44d8-a522-1ab9d4a1805b,276df236-97b0-4de3-8755-194f33b48231,provisioning,bare_metal,d08c72b1-9357-4312-917f-0d82aa2970cc,e2e-seed-a3418500,http://vm-shared-1cc4ec8f.flapjack.foo:7700,2026-05-17 07:12:55.010385+00,,,d08c72b1-9357-4312-917f-0d82aa2970cc,active,2026-05-17 07:10:17.579777+00
cb46b86c-1b90-4ad3-be92-720ff6ce12b8,b309c2f3-0f71-4916-bb46-c568323415f1,provisioning,bare_metal,d08c72b1-9357-4312-917f-0d82aa2970cc,e2e-seed-a3418500,http://vm-shared-1cc4ec8f.flapjack.foo:7700,2026-05-17 07:13:52.024383+00,,,d08c72b1-9357-4312-917f-0d82aa2970cc,active,2026-05-17 07:10:17.579777+00
465cca12-404c-416d-b680-6f777a578024,b51ba2b9-007d-4335-bf16-90e4d29dfd00,provisioning,aws,4f5295d8-847c-4f4c-8de0-4dfc99729583,vm-shared-3f5dd6f2.flapjack.foo,http://vm-shared-3f5dd6f2.flapjack.foo:7700,2026-05-18 03:20:38.344089+00,,,4f5295d8-847c-4f4c-8de0-4dfc99729583,active,2026-05-18 03:20:38.294721+00
01c2e182-9893-4305-a2cd-6223638e2bf1,012b2ef1-a0b0-48f6-9e07-3f00497cd3e7,provisioning,aws,a0867c3b-821d-4e60-ad16-eed4c23e79aa,vm-shared-72f72383.flapjack.foo,http://vm-shared-72f72383.flapjack.foo:7700,2026-05-18 03:47:12.891895+00,,,a0867c3b-821d-4e60-ad16-eed4c23e79aa,active,2026-05-18 03:47:12.852447+00
9ddeaa91-11fa-4f6c-90ab-4e829450e258,3ded1ee9-dc10-4ddc-a62e-685a755c67b4,provisioning,aws,ab881534-c3a1-4fc3-a0d2-2768c38fba47,vm-shared-7530816c.flapjack.foo,http://vm-shared-7530816c.flapjack.foo:7700,2026-05-18 03:48:52.474057+00,,,ab881534-c3a1-4fc3-a0d2-2768c38fba47,active,2026-05-18 03:48:52.419045+00
8523a662-a741-49ef-b6a7-6638847bfc37,6162492a-07f1-4db0-8dd4-1ec7a1768896,provisioning,aws,5aee1182-c35b-4a22-bf2d-fcea552b6ca7,vm-shared-f9b4725c.flapjack.foo,http://vm-shared-f9b4725c.flapjack.foo:7700,2026-05-18 03:50:34.27224+00,,,5aee1182-c35b-4a22-bf2d-fcea552b6ca7,active,2026-05-18 03:50:34.208084+00
82cdeec9-14d2-4423-ba75-75664a6aefad,6576c89f-de86-47fb-a1a7-cdf0b4e84a63,provisioning,aws,7b59e4d9-c657-405c-8d2b-328dc61a3824,vm-shared-6122c565.flapjack.foo,http://vm-shared-6122c565.flapjack.foo:7700,2026-05-18 04:56:21.177849+00,,,7b59e4d9-c657-405c-8d2b-328dc61a3824,active,2026-05-18 04:56:21.123838+00
1b92f627-7121-41f0-844b-4c274a9ccd0c,8dee9ced-995c-4970-b309-5cafcb31dfd9,provisioning,aws,40e561d7-93f9-442c-8f06-306cbabf1eee,vm-shared-8579b158.flapjack.foo,http://vm-shared-8579b158.flapjack.foo:7700,2026-05-18 04:57:52.015308+00,,,40e561d7-93f9-442c-8f06-306cbabf1eee,active,2026-05-18 04:57:51.964053+00
6be49691-a8cc-4a02-89b3-ebcdafc1ec35,297aac00-53c5-4ccc-bb48-530a6dbf9270,provisioning,aws,102393d3-a406-4368-ac34-e042966d0308,vm-shared-f7a712ea.flapjack.foo,http://vm-shared-f7a712ea.flapjack.foo:7700,2026-05-19 03:42:49.881228+00,,,102393d3-a406-4368-ac34-e042966d0308,active,2026-05-19 03:42:49.841632+00
f933961b-3258-4e2a-a9b0-966f4cc19a29,337124a1-4929-4ad0-a86d-8c05e7a589a5,provisioning,aws,85ffc3fc-6df3-44e3-b5f1-564a5a420679,vm-shared-f338a857.flapjack.foo,http://vm-shared-f338a857.flapjack.foo:7700,2026-05-19 03:44:42.267245+00,,,85ffc3fc-6df3-44e3-b5f1-564a5a420679,active,2026-05-19 03:44:42.219061+00
c83d7849-26e4-4d1c-88b1-6251401467e6,c24d1c79-730f-440d-b3a5-492d82aacc27,provisioning,aws,ede0a5ac-dd52-4cc3-bbfd-506019016337,vm-shared-d81c0965.flapjack.foo,http://vm-shared-d81c0965.flapjack.foo:7700,2026-05-19 03:53:33.918684+00,,,ede0a5ac-dd52-4cc3-bbfd-506019016337,active,2026-05-19 03:53:33.872698+00
bf20ccc5-62c1-4d1d-9121-950a896b8cea,007b3d20-7089-409b-b316-daae2db6d51a,provisioning,aws,99e36c1e-da1f-47d5-bbd6-8b4e9ee07f93,vm-shared-b322e2c3.flapjack.foo,http://vm-shared-b322e2c3.flapjack.foo:7700,2026-05-19 04:25:31.244412+00,,,99e36c1e-da1f-47d5-bbd6-8b4e9ee07f93,active,2026-05-19 04:25:31.19868+00
1a89bc35-5112-4d3e-966c-2b9fe1ee40c2,30ac6c8c-1e4a-4bcf-b071-482137b1feae,provisioning,aws,38bd7b9e-d28f-4a93-95a7-e29d235c6631,vm-shared-e15ebff6.flapjack.foo,http://vm-shared-e15ebff6.flapjack.foo:7700,2026-05-19 04:30:00.129787+00,,,38bd7b9e-d28f-4a93-95a7-e29d235c6631,active,2026-05-19 04:30:00.078626+00
b5e8c804-3b9c-4402-b0ae-16e74acbf230,0a186310-d4ff-4591-b9ee-963c07d2b6c9,provisioning,aws,95c7d012-9f3c-4d90-98f0-51a0b3e1c05a,vm-shared-1f4d5f46.flapjack.foo,http://vm-shared-1f4d5f46.flapjack.foo:7700,2026-05-19 04:40:45.407331+00,,,95c7d012-9f3c-4d90-98f0-51a0b3e1c05a,active,2026-05-19 04:40:45.361796+00
68edbcd8-519d-4eca-b5e9-bc55499a0828,53975f9e-aa25-462c-84bd-325a931fe3e4,provisioning,aws,95c7d012-9f3c-4d90-98f0-51a0b3e1c05a,vm-shared-1f4d5f46.flapjack.foo,http://vm-shared-1f4d5f46.flapjack.foo:7700,2026-05-20 21:02:19.000495+00,,,95c7d012-9f3c-4d90-98f0-51a0b3e1c05a,active,2026-05-19 04:40:45.361796+00
3a25e727-2dbc-4a74-b1b6-5fbe9467f934,53975f9e-aa25-462c-84bd-325a931fe3e4,provisioning,aws,95c7d012-9f3c-4d90-98f0-51a0b3e1c05a,vm-shared-1f4d5f46.flapjack.foo,http://vm-shared-1f4d5f46.flapjack.foo:7700,2026-05-20 21:02:31.201769+00,,,95c7d012-9f3c-4d90-98f0-51a0b3e1c05a,active,2026-05-19 04:40:45.361796+00
be2d14ad-368d-4f0c-8196-2b1de67e8761,53975f9e-aa25-462c-84bd-325a931fe3e4,provisioning,aws,95c7d012-9f3c-4d90-98f0-51a0b3e1c05a,vm-shared-1f4d5f46.flapjack.foo,http://vm-shared-1f4d5f46.flapjack.foo:7700,2026-05-20 21:02:43.377104+00,,,95c7d012-9f3c-4d90-98f0-51a0b3e1c05a,active,2026-05-19 04:40:45.361796+00
59cb2a08-4033-45b4-9ad0-d27859f18e39,a115946d-e0e1-4d4c-b5ff-4e5347b8b3d1,provisioning,aws,95c7d012-9f3c-4d90-98f0-51a0b3e1c05a,vm-shared-1f4d5f46.flapjack.foo,http://vm-shared-1f4d5f46.flapjack.foo:7700,2026-05-20 21:14:47.824521+00,,,95c7d012-9f3c-4d90-98f0-51a0b3e1c05a,active,2026-05-19 04:40:45.361796+00
b00e901f-fb6b-4378-895d-ef989c68ffc9,a115946d-e0e1-4d4c-b5ff-4e5347b8b3d1,provisioning,aws,95c7d012-9f3c-4d90-98f0-51a0b3e1c05a,vm-shared-1f4d5f46.flapjack.foo,http://vm-shared-1f4d5f46.flapjack.foo:7700,2026-05-20 21:15:00.130823+00,,,95c7d012-9f3c-4d90-98f0-51a0b3e1c05a,active,2026-05-19 04:40:45.361796+00
1258301c-6d41-4647-b79e-06f68c4b754e,a115946d-e0e1-4d4c-b5ff-4e5347b8b3d1,provisioning,aws,95c7d012-9f3c-4d90-98f0-51a0b3e1c05a,vm-shared-1f4d5f46.flapjack.foo,http://vm-shared-1f4d5f46.flapjack.foo:7700,2026-05-20 21:15:12.315883+00,,,95c7d012-9f3c-4d90-98f0-51a0b3e1c05a,active,2026-05-19 04:40:45.361796+00
608d311c-d905-41c2-a013-c12b1ccd13bd,93b8bf62-4d16-468f-9f24-415c9f5bfae1,provisioning,aws,95c7d012-9f3c-4d90-98f0-51a0b3e1c05a,vm-shared-1f4d5f46.flapjack.foo,http://vm-shared-1f4d5f46.flapjack.foo:7700,2026-05-20 21:57:39.7345+00,,,95c7d012-9f3c-4d90-98f0-51a0b3e1c05a,active,2026-05-19 04:40:45.361796+00
9920d407-ec8a-49ba-a8a3-09f04a3cc30e,93b8bf62-4d16-468f-9f24-415c9f5bfae1,provisioning,aws,95c7d012-9f3c-4d90-98f0-51a0b3e1c05a,vm-shared-1f4d5f46.flapjack.foo,http://vm-shared-1f4d5f46.flapjack.foo:7700,2026-05-20 21:57:51.92948+00,,,95c7d012-9f3c-4d90-98f0-51a0b3e1c05a,active,2026-05-19 04:40:45.361796+00
75dd1545-eaac-4ee9-85ca-3197f24af3e3,c41fcbf2-f996-4f88-a9fa-787b13017d3e,provisioning,aws,84f62708-e895-4fd9-a4c6-21f01d811b36,vm-shared-480b5169.flapjack.foo,http://vm-shared-480b5169.flapjack.foo:7700,2026-05-21 01:21:12.253013+00,,,84f62708-e895-4fd9-a4c6-21f01d811b36,active,2026-05-21 00:52:05.491125+00
5be158ba-fcaa-4fa3-8aa3-553301fc02c9,c41fcbf2-f996-4f88-a9fa-787b13017d3e,provisioning,aws,84f62708-e895-4fd9-a4c6-21f01d811b36,vm-shared-480b5169.flapjack.foo,http://vm-shared-480b5169.flapjack.foo:7700,2026-05-21 01:21:14.459777+00,,,84f62708-e895-4fd9-a4c6-21f01d811b36,active,2026-05-21 00:52:05.491125+00
f53dcdb3-2cad-4ea5-88f4-6cb2a5f78c76,c41fcbf2-f996-4f88-a9fa-787b13017d3e,provisioning,aws,84f62708-e895-4fd9-a4c6-21f01d811b36,vm-shared-480b5169.flapjack.foo,http://vm-shared-480b5169.flapjack.foo:7700,2026-05-21 01:21:16.627163+00,,,84f62708-e895-4fd9-a4c6-21f01d811b36,active,2026-05-21 00:52:05.491125+00
6dbcf83e-31ea-4b1b-9fb5-946a5e2a666f,1905a6e2-f515-4b5f-85ba-5b72e8346c86,provisioning,aws,84f62708-e895-4fd9-a4c6-21f01d811b36,vm-shared-480b5169.flapjack.foo,http://vm-shared-480b5169.flapjack.foo:7700,2026-05-21 02:33:43.857114+00,,,84f62708-e895-4fd9-a4c6-21f01d811b36,active,2026-05-21 00:52:05.491125+00
ae64a7c0-a731-487a-89bf-60f9c338cc45,1905a6e2-f515-4b5f-85ba-5b72e8346c86,provisioning,aws,84f62708-e895-4fd9-a4c6-21f01d811b36,vm-shared-480b5169.flapjack.foo,http://vm-shared-480b5169.flapjack.foo:7700,2026-05-21 02:33:46.058231+00,,,84f62708-e895-4fd9-a4c6-21f01d811b36,active,2026-05-21 00:52:05.491125+00
27641bd4-a5a3-44b5-b76c-016a123c4bc3,1905a6e2-f515-4b5f-85ba-5b72e8346c86,provisioning,aws,84f62708-e895-4fd9-a4c6-21f01d811b36,vm-shared-480b5169.flapjack.foo,http://vm-shared-480b5169.flapjack.foo:7700,2026-05-21 02:33:48.237362+00,,,84f62708-e895-4fd9-a4c6-21f01d811b36,active,2026-05-21 00:52:05.491125+00
cdd5ec70-3fc1-47f6-b7f7-abab15c2573d,354dd36f-4bb1-48cf-8414-6e3fc35e10e9,provisioning,aws,84f62708-e895-4fd9-a4c6-21f01d811b36,vm-shared-480b5169.flapjack.foo,http://vm-shared-480b5169.flapjack.foo:7700,2026-05-21 02:47:00.333132+00,,,84f62708-e895-4fd9-a4c6-21f01d811b36,active,2026-05-21 00:52:05.491125+00
db80e3cd-88e0-4814-b6b9-27b3694d8b7c,354dd36f-4bb1-48cf-8414-6e3fc35e10e9,provisioning,aws,84f62708-e895-4fd9-a4c6-21f01d811b36,vm-shared-480b5169.flapjack.foo,http://vm-shared-480b5169.flapjack.foo:7700,2026-05-21 02:47:02.525678+00,,,84f62708-e895-4fd9-a4c6-21f01d811b36,active,2026-05-21 00:52:05.491125+00
082498f1-34f6-4874-97bb-f62392918c7b,354dd36f-4bb1-48cf-8414-6e3fc35e10e9,provisioning,aws,84f62708-e895-4fd9-a4c6-21f01d811b36,vm-shared-480b5169.flapjack.foo,http://vm-shared-480b5169.flapjack.foo:7700,2026-05-21 02:47:04.698028+00,,,84f62708-e895-4fd9-a4c6-21f01d811b36,active,2026-05-21 00:52:05.491125+00
6e40d851-a7e0-4846-ab42-bb2690d51a7a,ca502714-1462-4632-9767-96d3d63b129d,provisioning,aws,84f62708-e895-4fd9-a4c6-21f01d811b36,vm-shared-480b5169.flapjack.foo,http://vm-shared-480b5169.flapjack.foo:7700,2026-05-21 03:52:35.291795+00,,,84f62708-e895-4fd9-a4c6-21f01d811b36,active,2026-05-21 00:52:05.491125+00
9465fa01-3338-4ee6-a1aa-c7d501170627,accc8ee6-c5bf-480f-be71-819bd699d215,provisioning,aws,84f62708-e895-4fd9-a4c6-21f01d811b36,vm-shared-480b5169.flapjack.foo,http://vm-shared-480b5169.flapjack.foo:7700,2026-05-21 03:52:53.302283+00,,,84f62708-e895-4fd9-a4c6-21f01d811b36,active,2026-05-21 00:52:05.491125+00
0db4c971-1839-4fd9-8cf8-d0ebae5483bd,b75b90cd-1880-44be-9e44-e336502b6248,provisioning,aws,84f62708-e895-4fd9-a4c6-21f01d811b36,vm-shared-480b5169.flapjack.foo,http://vm-shared-480b5169.flapjack.foo:7700,2026-05-21 03:54:57.67922+00,,,84f62708-e895-4fd9-a4c6-21f01d811b36,active,2026-05-21 00:52:05.491125+00
0a971cd6-81f3-4f47-9f55-4506d678d501,372805f5-6957-4a5b-9e54-972bcbf1538f,provisioning,aws,84f62708-e895-4fd9-a4c6-21f01d811b36,vm-shared-480b5169.flapjack.foo,http://vm-shared-480b5169.flapjack.foo:7700,2026-05-21 04:06:36.811217+00,,,84f62708-e895-4fd9-a4c6-21f01d811b36,active,2026-05-21 00:52:05.491125+00
44a67578-e7ed-4755-830f-c8c300ae4b9e,295ced0d-e0dc-4d51-92ca-1c6d9467818f,provisioning,aws,84f62708-e895-4fd9-a4c6-21f01d811b36,vm-shared-480b5169.flapjack.foo,http://vm-shared-480b5169.flapjack.foo:7700,2026-05-21 04:07:48.368558+00,,,84f62708-e895-4fd9-a4c6-21f01d811b36,active,2026-05-21 00:52:05.491125+00
de599311-4fd6-4fa7-a8ee-90c61b9e1ba7,64a32105-6db2-448b-b8e3-bf7d521cabf2,provisioning,aws,84f62708-e895-4fd9-a4c6-21f01d811b36,vm-shared-480b5169.flapjack.foo,http://vm-shared-480b5169.flapjack.foo:7700,2026-05-21 04:25:23.852601+00,,,84f62708-e895-4fd9-a4c6-21f01d811b36,active,2026-05-21 00:52:05.491125+00
2a5665ad-e8d7-43bb-b713-4d1488e0afdf,3950967f-3285-430a-8772-cfe017993224,provisioning,aws,84f62708-e895-4fd9-a4c6-21f01d811b36,vm-shared-480b5169.flapjack.foo,http://vm-shared-480b5169.flapjack.foo:7700,2026-05-21 04:26:09.190488+00,,,84f62708-e895-4fd9-a4c6-21f01d811b36,active,2026-05-21 00:52:05.491125+00
07cb57a6-372d-40b8-aa5a-85a4ae0e98ac,63dbaeee-c081-4686-a4fe-9b1ecfa43fe7,provisioning,aws,84f62708-e895-4fd9-a4c6-21f01d811b36,vm-shared-480b5169.flapjack.foo,http://vm-shared-480b5169.flapjack.foo:7700,2026-05-21 04:27:27.173589+00,,,84f62708-e895-4fd9-a4c6-21f01d811b36,active,2026-05-21 00:52:05.491125+00
eb10ca31-7baa-48fd-95a2-b4b0209d182d,2b56a8e3-6566-4997-a343-845491b2a7e4,provisioning,aws,84f62708-e895-4fd9-a4c6-21f01d811b36,vm-shared-480b5169.flapjack.foo,http://vm-shared-480b5169.flapjack.foo:7700,2026-05-21 04:29:47.222101+00,,,84f62708-e895-4fd9-a4c6-21f01d811b36,active,2026-05-21 00:52:05.491125+00
4a4709f1-1997-4fe9-ac14-b00b16f07f52,71003621-0ca2-41b3-b890-1d6101623aad,provisioning,aws,84f62708-e895-4fd9-a4c6-21f01d811b36,vm-shared-480b5169.flapjack.foo,http://vm-shared-480b5169.flapjack.foo:7700,2026-05-21 04:41:04.719216+00,,,84f62708-e895-4fd9-a4c6-21f01d811b36,active,2026-05-21 00:52:05.491125+00
0777dc2f-0cf6-4394-affc-fc0d0635acbb,7d3b4270-49f1-4563-9e0b-5186a057f80e,provisioning,aws,84f62708-e895-4fd9-a4c6-21f01d811b36,vm-shared-480b5169.flapjack.foo,http://vm-shared-480b5169.flapjack.foo:7700,2026-05-21 04:41:47.767507+00,,,84f62708-e895-4fd9-a4c6-21f01d811b36,active,2026-05-21 00:52:05.491125+00
37b2d551-2b78-45fe-a04d-a7207367b8e9,6403db5b-22c9-4354-af57-2ac5e7f0f77e,provisioning,aws,84f62708-e895-4fd9-a4c6-21f01d811b36,vm-shared-480b5169.flapjack.foo,http://vm-shared-480b5169.flapjack.foo:7700,2026-05-21 04:42:25.939954+00,,,84f62708-e895-4fd9-a4c6-21f01d811b36,active,2026-05-21 00:52:05.491125+00
650e9b8b-ce4a-44b4-afa0-b420bb21a68d,743b622d-5a1e-4e3d-9844-5e0b32fa9896,provisioning,aws,84f62708-e895-4fd9-a4c6-21f01d811b36,vm-shared-480b5169.flapjack.foo,http://vm-shared-480b5169.flapjack.foo:7700,2026-05-21 04:42:37.842975+00,,,84f62708-e895-4fd9-a4c6-21f01d811b36,active,2026-05-21 00:52:05.491125+00
7b0ca778-e7ee-4260-b2fd-466eff6ca94f,b718308d-3860-4941-91f1-19b87a9bf749,provisioning,aws,84f62708-e895-4fd9-a4c6-21f01d811b36,vm-shared-480b5169.flapjack.foo,http://vm-shared-480b5169.flapjack.foo:7700,2026-05-21 04:51:52.787634+00,,,84f62708-e895-4fd9-a4c6-21f01d811b36,active,2026-05-21 00:52:05.491125+00
ef76120f-849e-4428-8cd1-df07fbf640d3,30191aa5-5378-4ac7-93c9-06c8b4e906c7,provisioning,aws,84f62708-e895-4fd9-a4c6-21f01d811b36,vm-shared-480b5169.flapjack.foo,http://vm-shared-480b5169.flapjack.foo:7700,2026-05-21 05:03:23.827033+00,,,84f62708-e895-4fd9-a4c6-21f01d811b36,active,2026-05-21 00:52:05.491125+00
0ae0283a-0be5-4816-89e6-3e895aa16573,0a109ca4-a1a0-4ae6-8930-d786782b5fe8,provisioning,aws,84f62708-e895-4fd9-a4c6-21f01d811b36,vm-shared-480b5169.flapjack.foo,http://vm-shared-480b5169.flapjack.foo:7700,2026-05-21 05:04:40.340104+00,,,84f62708-e895-4fd9-a4c6-21f01d811b36,active,2026-05-21 00:52:05.491125+00
fd96d792-0ca2-408c-899b-13a33d9c9656,0741b023-f506-46d0-9b56-e50b30bf6788,provisioning,aws,84f62708-e895-4fd9-a4c6-21f01d811b36,vm-shared-480b5169.flapjack.foo,http://vm-shared-480b5169.flapjack.foo:7700,2026-05-21 05:26:08.725346+00,,,84f62708-e895-4fd9-a4c6-21f01d811b36,active,2026-05-21 00:52:05.491125+00
a524c987-2706-4617-be04-9e98969c8e19,36175a00-1cf3-417f-b6f8-c551913afa66,provisioning,aws,84f62708-e895-4fd9-a4c6-21f01d811b36,vm-shared-480b5169.flapjack.foo,http://vm-shared-480b5169.flapjack.foo:7700,2026-05-21 05:27:30.86568+00,,,84f62708-e895-4fd9-a4c6-21f01d811b36,active,2026-05-21 00:52:05.491125+00
2e3ae5df-3e6b-467c-8213-8254a819400e,5141e6e0-02be-4b48-a915-d95725827af2,provisioning,aws,84f62708-e895-4fd9-a4c6-21f01d811b36,vm-shared-480b5169.flapjack.foo,http://vm-shared-480b5169.flapjack.foo:7700,2026-05-21 05:29:32.63971+00,,,84f62708-e895-4fd9-a4c6-21f01d811b36,active,2026-05-21 00:52:05.491125+00
1063feb6-c8cf-4205-ab73-8145368535a2,2b20480d-ebb1-4651-b09b-e21c589a692f,provisioning,aws,84f62708-e895-4fd9-a4c6-21f01d811b36,vm-shared-480b5169.flapjack.foo,http://vm-shared-480b5169.flapjack.foo:7700,2026-05-21 05:41:09.113715+00,,,84f62708-e895-4fd9-a4c6-21f01d811b36,active,2026-05-21 00:52:05.491125+00
a0f9481c-9f91-43b0-93eb-2d33d99d9b97,3cd6accf-57f1-402e-9903-6d64bca43f37,provisioning,aws,84f62708-e895-4fd9-a4c6-21f01d811b36,vm-shared-480b5169.flapjack.foo,http://vm-shared-480b5169.flapjack.foo:7700,2026-05-21 05:42:26.270789+00,,,84f62708-e895-4fd9-a4c6-21f01d811b36,active,2026-05-21 00:52:05.491125+00
0208e6b2-411e-4065-a8cb-1e4f72e37456,924dafbd-763d-4ffb-bc97-fef34b14b1c1,provisioning,aws,84f62708-e895-4fd9-a4c6-21f01d811b36,vm-shared-480b5169.flapjack.foo,http://vm-shared-480b5169.flapjack.foo:7700,2026-05-21 06:26:06.751017+00,,,84f62708-e895-4fd9-a4c6-21f01d811b36,active,2026-05-21 00:52:05.491125+00
439acd95-c44f-4049-863e-d8ddab4b350c,15297936-c94b-4fcb-84c2-305b208dd7ae,provisioning,aws,84f62708-e895-4fd9-a4c6-21f01d811b36,vm-shared-480b5169.flapjack.foo,http://vm-shared-480b5169.flapjack.foo:7700,2026-05-21 06:27:18.406244+00,,,84f62708-e895-4fd9-a4c6-21f01d811b36,active,2026-05-21 00:52:05.491125+00
5be4c1bc-19ba-4496-acce-0edd0b4d5a25,a1c487e7-ee9a-4076-ba0d-47846edc609e,provisioning,aws,84f62708-e895-4fd9-a4c6-21f01d811b36,vm-shared-480b5169.flapjack.foo,http://vm-shared-480b5169.flapjack.foo:7700,2026-05-21 06:29:46.581895+00,,,84f62708-e895-4fd9-a4c6-21f01d811b36,active,2026-05-21 00:52:05.491125+00
8fc50121-3037-4823-8db2-f0d006e20c9f,e3b859cb-ecaa-4bb1-94e0-bb1f544ea8ef,provisioning,aws,84f62708-e895-4fd9-a4c6-21f01d811b36,vm-shared-480b5169.flapjack.foo,http://vm-shared-480b5169.flapjack.foo:7700,2026-05-21 06:41:09.834897+00,,,84f62708-e895-4fd9-a4c6-21f01d811b36,active,2026-05-21 00:52:05.491125+00
4cb4e87c-8547-465f-93e0-12e0d4d700ff,e9643ad5-d359-4980-925d-3e2adb9f0a01,provisioning,aws,84f62708-e895-4fd9-a4c6-21f01d811b36,vm-shared-480b5169.flapjack.foo,http://vm-shared-480b5169.flapjack.foo:7700,2026-05-21 07:11:09.608982+00,,,84f62708-e895-4fd9-a4c6-21f01d811b36,active,2026-05-21 00:52:05.491125+00
15d18dfc-8c98-4b03-b919-5b8ad5c201b9,994c0591-6042-4724-acde-63a705073de0,provisioning,aws,84f62708-e895-4fd9-a4c6-21f01d811b36,vm-shared-480b5169.flapjack.foo,http://vm-shared-480b5169.flapjack.foo:7700,2026-05-21 07:12:23.13157+00,,,84f62708-e895-4fd9-a4c6-21f01d811b36,active,2026-05-21 00:52:05.491125+00
c49979b4-9bb1-47fe-ba97-63fb5706b863,e6fb94f6-f575-43b1-bb7d-8029e17c0fe9,provisioning,aws,84f62708-e895-4fd9-a4c6-21f01d811b36,vm-shared-480b5169.flapjack.foo,http://vm-shared-480b5169.flapjack.foo:7700,2026-05-21 07:13:29.109819+00,,,84f62708-e895-4fd9-a4c6-21f01d811b36,active,2026-05-21 00:52:05.491125+00
06b6d7be-6c30-4712-932a-26426a1c3e48,e6fb94f6-f575-43b1-bb7d-8029e17c0fe9,provisioning,aws,84f62708-e895-4fd9-a4c6-21f01d811b36,vm-shared-480b5169.flapjack.foo,http://vm-shared-480b5169.flapjack.foo:7700,2026-05-21 07:13:31.288545+00,,,84f62708-e895-4fd9-a4c6-21f01d811b36,active,2026-05-21 00:52:05.491125+00
ecf6a7b2-b7c7-4c61-ae90-a1aaeabb1ebe,e6fb94f6-f575-43b1-bb7d-8029e17c0fe9,provisioning,aws,84f62708-e895-4fd9-a4c6-21f01d811b36,vm-shared-480b5169.flapjack.foo,http://vm-shared-480b5169.flapjack.foo:7700,2026-05-21 07:13:33.464774+00,,,84f62708-e895-4fd9-a4c6-21f01d811b36,active,2026-05-21 00:52:05.491125+00
99eb43b1-820e-4627-b176-99cee73adc01,ddf64459-34cc-42f1-be1c-9fd8f326af88,provisioning,aws,84f62708-e895-4fd9-a4c6-21f01d811b36,vm-shared-480b5169.flapjack.foo,http://vm-shared-480b5169.flapjack.foo:7700,2026-05-21 07:14:51.170861+00,,,84f62708-e895-4fd9-a4c6-21f01d811b36,active,2026-05-21 --output truncated--
