1	2026-07-09T21:50:55Z	0	200	1
2	2026-07-09T21:51:05Z	0	200	1
3	2026-07-09T21:51:15Z	0	200	1
4	2026-07-09T21:51:25Z	0	200	1
5	2026-07-09T21:51:35Z	0	200	1
6	2026-07-09T21:51:45Z	0	200	1
7	2026-07-09T21:51:55Z	0	200	1
8	2026-07-09T21:52:06Z	0	200	1
9	2026-07-09T21:52:16Z	0	200	1
10	2026-07-09T21:52:26Z	0	200	1
11	2026-07-09T21:52:36Z	0	200	1
12	2026-07-09T21:52:46Z	0	200	1
13	2026-07-09T21:52:56Z	0	200	1
14	2026-07-09T21:53:06Z	0	200	1
15	2026-07-09T21:53:17Z	0	200	1
16	2026-07-09T21:53:27Z	0	200	1
17	2026-07-09T21:53:37Z	0	200	1
18	2026-07-09T21:53:47Z	0	200	1
